{
    "Prophet": {
        "MAE": 1396.9625156603981,
        "RMSE": 1769.790883876961,
        "MAPE": 0.09004512212636552
    },
    "XGBoost": {
        "MAE": 125.09375632957176,
        "RMSE": 161.9423211048697,
        "MAPE": 0.008109176060078367
    },
    "LSTM": {
        "MAE": 170.68946940104163,
        "RMSE": 222.04686637525015,
        "MAPE": 0.0110979918625038
    },
    "TFT": {
        "MAE": 896.7758483886719,
        "RMSE": 1060.0338541666667,
        "MAPE": 0.055287095407644905
    }
}